en;current;new
Hello!;Olá!;Olá!
Goodbye!;Adeus!;Adeus!
Welcome!;Bem-vindo!;Bem-vindo!
please;por favor;por favor
thank you;obrigado;obrigado
Sorry;Desculpe;Desculpe
yes;sim;sim
no;não;não
to say;dizer;dizer
to tell;contar;contar
to ask;perguntar;perguntar
to introduce;apresentar;apresentar
conversation;a conversa;a conversa
question;a questão;a questão
answer;a resposta;a resposta
he;ele;ele
his;seu;seu
I;eu;eu
me;me;me
mine;meu;meu
myself;eu mesmo;eu mesmo
our;nosso;nosso
she;ela;ela
us;nós;nós
you;tu;tu
your;teu;teu
yourself;tu mesmo;tu mesmo
one;um;um
two;dois;dois
three;três;três
four;quatro;quatro
five;cinco;cinco
six;seis;seis
seven;sete;sete
eight;oito;oito
nine;nove;nove
ten;dez;dez
eleven;onze;onze
twelve;doze;doze
thirteen;treze;treze
fourteen;catorze;catorze
fifteen;quinze;quinze
sixteen;dezasseis;dezasseis
seventeen;dezassete;dezassete
eighteen;dezoito;dezoito
nineteen;dezanove;dezanove
twenty;vinte;vinte
thirty;trinta;trinta
forty;quarenta;quarenta
fifty;cinquenta;cinquenta
sixty;sessenta;sessenta
seventy;setenta;setenta
eighty;oitenta;oitenta
ninety;noventa;noventa
hundred;cem;cem
thousand;mil;mil
million;o milhão;o milhão
billion;o mil milhões;o mil milhões
first;primeiro;primeiro
second;segundo;segundo
third;terceiro;terceiro
fourth;quarto;quarto
fifth;quinto;quinto
half;a metade;a metade
quarter (fraction);o quarto;o quarto
number;o número;o número
amount;o montante;o montante
addition (math);a adição;a adição
division (math);a divisão;a divisão
angle;o ângulo;o ângulo
circle;o círculo;o círculo
curve;a curva;a curva
square (shape);o quadrado;o quadrado
Monday;a segunda-feira;a segunda-feira
Tuesday;a terça-feira;a terça-feira
Wednesday;a quarta-feira;a quarta-feira
Thursday;a quinta-feira;a quinta-feira
Friday;a sexta-feira;a sexta-feira
Saturday;o sábado;o sábado
Sunday;o domingo;o domingo
January;janeiro;janeiro
February;fevereiro;fevereiro
March;março;março
April;abril;abril
May;maio;maio
June;junho;junho bla bla
July;julho;julho
August;agosto;agosto
September;setembro;setembro
October;outubro;outubro
November;novembro;novembro
December;dezembro;dezembro
spring (season);a primavera;a primavera
summer;o verão;o verão
autumn;o outono;o outono
winter;o inverno;o inverno
week;a semana;a semana
weekend;o fim de semana;o fim de semana
month;o mês;o mês
year;o ano;o ano
date (calendar);a data;a data
birthday;o aniversário;o aniversário
holiday;o feriado;o feriado
vacation;as férias;as férias
season;a estação;a estação
to smell;cheirar;cheirar
to taste;provar;provar
smell;o cheiro;o cheiro
scent;o perfume;o perfume
taste (sense/ability);o sabor;o sabor
sweet;doce;doce
sour;azedo;azedo
bitter;amargo;amargo
salty;salgado;salgado
spicy;picante;picante
delicious;delicioso;delicioso
smooth;suave;suave
rough;áspero;áspero
sharp;afiado;afiado
dull;embotado;embotado
sticky;pegajoso;pegajoso
slippery;escorregadio;escorregadio
angry;zangado;zangado
attention;a atenção;a atenção
behavior;o comportamento;o comportamento
bored;aborrecido;aborrecido
comfort;o conforto;o conforto
to decide;decidir;decidir
decision;a decisão;a decisão
desire;o desejo;o desejo
dream;o sonho;o sonho
to enjoy;desfrutar;desfrutar
excited;entusiasmado;entusiasmado
experience;a experiência;a experiência
fear;o medo;o medo
feeling;o sentimento;o sentimento
happy;feliz;feliz
to hate;odiar;odiar
hope;a esperança;a esperança
idea;a ideia;a ideia
to imagine;imaginar;imaginar
interest;o interesse;o interesse
knowledge;o conhecimento;o conhecimento
love;o amor;o amor
memory;a memória;a memória
mind;a mente;a mente
opinion;a opinião;a opinião
peace;a paz;a paz
to remember;lembrar;lembrar
respect;o respeito;o respeito
sad;triste;triste
surprise;a surpresa;a surpresa
thought;o pensamento;o pensamento
to understand;compreender;compreender
thing;a coisa;a coisa
way;o caminho;o caminho
place;o lugar;o lugar
part;a parte;a parte
world;o mundo;o mundo
problem;o problema;o problema
example;o exemplo;o exemplo
group;o grupo;o grupo
fact;o facto;o facto
point;o ponto;o ponto
change;a mudança;a mudança
difference;a diferença;a diferença
end;o fim;o fim
plan;o plano;o plano
chance;a oportunidade;a oportunidade
choice;a escolha;a escolha
red;vermelho;vermelho
blue;azul;azul
yellow;amarelo;amarelo
green;verde;verde
orange (color);laranja;laranja
purple;roxo;roxo
pink;cor-de-rosa;cor-de-rosa
black;preto;preto
white;branco;branco
gray;cinzento;cinzento
brown;castanho;castanho
here;aqui;aqui
there;lá;lá
area;a área;a área
center;o centro;o centro
corner;o canto;o canto
direction;a direção;a direção
in;em;em
on;sobre;sobre
to;para;para
from;de;de
with;com;com
up;para cima;para cima
down;para baixo;para baixo
top;o topo;o topo
bottom;o fundo;o fundo
under;sob;sob
left (direction);à esquerda;à esquerda
right (direction);à direita;à direita
front;a frente;a frente
inside;dentro;dentro
outside;fora;fora
through;através de;através de
across;do outro lado;do outro lado
between;entre;entre
around;em torno de;em torno de
moment;o momento;o momento
minute;o minuto;o minuto
day;o dia;o dia
morning;a manhã;a manhã
afternoon;a tarde;a tarde
evening;a noite;a noite
midnight;a meia-noite;a meia-noite
tonight;esta noite;esta noite
period;o período;o período
time;o tempo;o tempo
clock;o relógio;o relógio
hour;a hora;a hora
today;hoje;hoje
tomorrow;amanhã;amanhã
yesterday;ontem;ontem
now;agora;agora
then;depois;depois
past;o passado;o passado
future;o futuro;o futuro
before;antes de;antes de
after;após;após
later;mais tarde;mais tarde
soon;em breve;em breve
early;cedo;cedo
beginning;o começo;o começo
during;durante;durante
till;até;até
always;sempre;sempre
never;nunca;nunca
often;frequentemente;frequentemente
sometimes;às vezes;às vezes
once;uma vez;uma vez
usually;normalmente;normalmente
ever;alguma vez;alguma vez
already;já;já
still;ainda;ainda
again;novamente;novamente
when;quando;quando
distance;a distância;a distância
centimeter;o centímetro;o centímetro
inch;a polegada;a polegada
meter;o metro;o metro
kilometer;o quilómetro;o quilómetro
mile;a milha;a milha
weight;o peso;o peso
kilogram;o quilograma;o quilograma
head;a cabeça;a cabeça
hair;o cabelo;o cabelo
face;o rosto;o rosto
brain;o cérebro;o cérebro
eye;o olho;o olho
ear;a orelha;a orelha
nose;o nariz;o nariz
mouth;a boca;a boca
lip;o lábio;o lábio
tongue;a língua;a língua
tooth;o dente;o dente
throat;a garganta;a garganta
voice;a voz;a voz
hearing;a audição;a audição
neck;o pescoço;o pescoço
shoulder;o ombro;o ombro
chest;o peito;o peito
back (body part);as costas;as costas
arm;o braço;o braço
hand;a mão;a mão
finger;o dedo;o dedo
thumb;o polegar;o polegar
nail (body part);a unha;a unha
heart;o coração;o coração
breath;a respiração;a respiração
stomach;o estômago;o estômago
leg;a perna;a perna
knee;o joelho;o joelho
foot;o pé;o pé
toe;o dedo do pé;o dedo do pé
body;o corpo;o corpo
skin;a pele;a pele
muscle;o músculo;o músculo
bone;o osso;o osso
flesh;a carne;a carne
blood;o sangue;o sangue
sense;o sentido;o sentido
sex;o sexo;o sexo
birth;o nascimento;o nascimento
death;a morte;a morte
wound;a ferida;a ferida
tail;a cauda;a cauda
wing;a asa;a asa
care;o cuidado;o cuidado
cough;a tosse;a tosse
diet;a dieta;a dieta
disease;a doença;a doença
doctor;o médico;o médico
drug (medicine);o medicamento;o medicamento
exercise;o exercício;o exercício
gym;o ginásio;o ginásio
health;a saúde;a saúde
injury;a lesão;a lesão
medicine;a medicina;a medicina
nurse;o enfermeiro;o enfermeiro
pain;a dor;a dor
patient;o paciente;o paciente
poison;o veneno;o veneno
aunt;a tia;a tia
brother;o irmão;o irmão
cousin;o primo;o primo
dad;o pai;o pai
daughter;a filha;a filha
grandfather;o avô;o avô
grandmother;a avó;a avó
husband;o marido;o marido
mother;a mãe;a mãe
parent;o progenitor;o progenitor
sister;a irmã;a irmã
son;o filho;o filho
uncle;o tio;o tio
wife;a esposa;a esposa
adult;o adulto;o adulto
baby;o bebé;o bebé
boy;o rapaz;o rapaz
child;a criança;a criança
girl;a rapariga;a rapariga
man;o homem;o homem
people;as pessoas;as pessoas
person;a pessoa;a pessoa
woman;a mulher;a mulher
boyfriend;o namorado;o namorado
girlfriend;a namorada;a namorada
marriage;o casamento;o casamento
neighbor;o vizinho;o vizinho
partner;o parceiro;o parceiro
relationship;a relação;a relação
cat;o gato;o gato
cow;a vaca;a vaca
dog;o cão;o cão
horse;o cavalo;o cavalo
mouse;o rato;o rato
pig;o porco;o porco
sheep;a ovelha;a ovelha
bee;a abelha;a abelha
bird;o pássaro;o pássaro
fish;o peixe;o peixe
snake;a serpente;a serpente
feather;a pena;a pena
flower;a flor;a flor
grass;a relva;a relva
leaf;a folha;a folha
plant;a planta;a planta
tree;a árvore;a árvore
hill;a colina;a colina
lake;o lago;o lago
land;a terra;a terra
river;o rio;o rio
sea;o mar;o mar
air;o ar;o ar
cloud;a nuvem;a nuvem
fire;o fogo;o fogo
ice;o gelo;o gelo
rain;a chuva;a chuva
sky;o céu;o céu
snow;a neve;a neve
wind;o vento;o vento
Earth;a Terra;a Terra
space;o espaço;o espaço
sun;o sol;o sol
bread;o pão;o pão
rice;o arroz;o arroz
fruit;a fruta;a fruta
apple;a maçã;a maçã
banana;a banana;a banana
vegetable;o legume;o legume
potato;a batata;a batata
tomato;o tomate;o tomate
onion;a cebola;a cebola
chicken;o frango;o frango
egg;o ovo;o ovo
milk;o leite;o leite
cheese;o queijo;o queijo
butter;a manteiga;a manteiga
salt;o sal;o sal
sugar;o açúcar;o açúcar
water;a água;a água
tea;o chá;o chá
coffee;o café;o café
juice;o sumo;o sumo
oil;o óleo;o óleo
food;a comida;a comida
meal;a refeição;a refeição
breakfast;o pequeno-almoço;o pequeno-almoço
lunch;o almoço;o almoço
dinner;o jantar;o jantar
piece;a peça;a peça
side;o lado;o lado
size;o tamanho;o tamanho
shape;a forma;a forma
line;a linha;a linha
age;a idade;a idade
this;este;este
that;esse;esse
these;estes;estes
those;esses;esses
as;como;como
all;todos;todos
any;qualquer;qualquer
some;alguns;alguns
every;cada;cada
many;muitos;muitos
few;poucos;poucos
more;mais;mais
much;muito;muito
both;ambos;ambos
other;outro;outro
also;também;também
just;apenas;apenas
almost;quase;quase
really;realmente;realmente
maybe;talvez;talvez
probably;provavelmente;provavelmente
especially;especialmente;especialmente
exactly;exatamente;exatamente
together;juntos;juntos
enough;suficiente;suficiente
quite;bastante;bastante
gold;o ouro;o ouro
iron;o ferro;o ferro
silver;a prata;a prata
plastic;o plástico;o plástico
wood;a madeira;a madeira
stone;a pedra;a pedra
metal;o metal;o metal
cloth;o tecido;o tecido
leather;o couro;o couro
glass (material);o vidro;o vidro
to compare;comparar;comparar
comparison;a comparação;a comparação
reason;a razão;a razão
what;o que;o que
who;quem;quem
which;qual;qual
why;porquê;porquê
where;onde;onde
whose;de quem;de quem
to have;ter;ter
to do;fazer;fazer
to can;poder;poder
to go;ir;ir
to come;vir;vir
to get (something);obter;obter
to take;tomar;tomar
to see;ver;ver
to give;dar;dar
to eat;comer;comer
to drink;beber;beber
to run;correr;correr
to walk;caminhar;caminhar
to sit;sentar-se;sentar-se
to stand;estar de pé;estar de pé
to sleep;dormir;dormir
to wake;acordar;acordar
to look;olhar;olhar
to find;encontrar;encontrar
to put;pôr;pôr
to want;querer;querer
to need;precisar;precisar
to like;gostar;gostar
to think;pensar;pensar
to help;ajudar;ajudar
to wait;esperar;esperar
to open;abrir;abrir
to close;fechar;fechar
to use;usar;usar
to live;viver;viver
to stay;ficar;ficar
to leave;partir;partir
to arrive;chegar;chegar
to try;tentar;tentar
to happen;acontecer;acontecer
to show;mostrar;mostrar
to turn;virar;virar
to move;mover;mover
to bring;trazer;trazer
to feel;sentir;sentir
to touch;tocar;tocar
to listen;ouvir;ouvir
to read;ler;ler
to write;escrever;escrever
to wash;lavar;lavar
to cook;cozinhar;cozinhar
to cut;cortar;cortar
to carry;carregar;carregar
to wear (clothing);vestir;vestir
to break;quebrar;quebrar
to fix;consertar;consertar
to build;construir;construir
to stop;parar;parar
to start;começar;começar
to work;trabalhar;trabalhar
to play;jogar;jogar
to change;mudar;mudar
to keep;manter;manter
to hold;segurar;segurar
to pull;puxar;puxar
to push;empurrar;empurrar
to fly;voar;voar
to ride (bicycle/car);andar;andar
big;grande;grande
small;pequeno;pequeno
long;longo;longo
short;curto;curto
high;alto;alto
low;baixo;baixo
wide;largo;largo
narrow;estreito;estreito
thick;grosso;grosso
thin;fino;fino
heavy;pesado;pesado
good;bom;bom
bad;mau;mau
new;novo;novo
old;velho;velho
hot;quente;quente
cold;frio;frio
wet;molhado;molhado
dry;seco;seco
clean;limpo;limpo
dirty;sujo;sujo
hard;duro;duro
soft;macio;macio
open;aberto;aberto
full;cheio;cheio
fast;rápido;rápido
slow;lento;lento
easy;fácil;fácil
difficult;difícil;difícil
dead;morto;morto
alive;vivo;vivo
young;jovem;jovem
dark;escuro;escuro
bright;brilhante;brilhante
beautiful;bonito;bonito
ugly;feio;feio
strong;forte;forte
weak;fraco;fraco
hungry;faminto;faminto
thirsty;sedento;sedento
tired;cansado;cansado
sick;doente;doente
important;importante;importante
different;diferente;diferente
same;mesmo;mesmo
true;verdadeiro;verdadeiro
false;falso;falso
right (correct);correto;correto
possible;possível;possível
ready;pronto;pronto
sure;certo;certo
normal;normal;normal
real;real;real
main;principal;principal
nice;agradável;agradável
poor;pobre;pobre
rich;rico;rico
famous;famoso;famoso
free;livre;livre
dangerous;perigoso;perigoso
quiet;calmo;calmo
busy;ocupado;ocupado
empty;vazio;vazio
and;e;e
or;ou;ou
but;mas;mas
so;assim;assim
because;porque;porque
however;no entanto;no entanto
therefore;portanto;portanto
although;embora;embora
nothing;nada;nada
nobody;ninguém;ninguém
anybody;qualquer pessoa;qualquer pessoa
anything;qualquer coisa;qualquer coisa
everything;tudo;tudo
something;algo;algo
home;a casa;a casa
kitchen;a cozinha;a cozinha
bathroom;a casa de banho;a casa de banho
door;a porta;a porta
window;a janela;a janela
wall;a parede;a parede
ceiling;o teto;o teto
roof;o telhado;o telhado
bed;a cama;a cama
table;a mesa;a mesa
chair;a cadeira;a cadeira
desk;a secretária;a secretária
cup;a chávena;a chávena
plate;o prato;o prato
bowl;a tigela;a tigela
glass (cup);o copo;o copo
spoon;a colher;a colher
fork;o garfo;o garfo
knife;a faca;a faca
pot;a panela;a panela
pen;a caneta;a caneta
pencil;o lápis;o lápis
paper;o papel;o papel
box;a caixa;a caixa
bottle;a garrafa;a garrafa
key;a chave;a chave
soap;o sabão;o sabão
garden;o jardim;o jardim
yard;o quintal;o quintal
shoe;o sapato;o sapato
shirt;a camisa;a camisa
pants;as calças;as calças
coat;o casaco;o casaco
hat;o chapéu;o chapéu
dress;o vestido;o vestido
sock;a meia;a meia
sweater;a camisola;a camisola
skirt;a saia;a saia
bag;o saco;o saco
job;o trabalho;o trabalho
worker;o trabalhador;o trabalhador
farmer;o agricultor;o agricultor
engineer;o engenheiro;o engenheiro
lawyer;o advogado;o advogado
cook (person);o cozinheiro;o cozinheiro
driver;o condutor;o condutor
manager;o gestor;o gestor
builder;o construtor;o construtor
address;o endereço;o endereço
advice;o conselho;o conselho
to call;chamar;chamar
card;o cartão;o cartão
to describe;descrever;descrever
description;a descrição;a descrição
to explain;explicar;explicar
information;a informação;a informação
interview;a entrevista;a entrevista
letter (mail);a carta;a carta
meaning;o significado;o significado
message;a mensagem;a mensagem
name;o nome;o nome
note;a nota;a nota
post (publication);a publicação;a publicação
report;o relatório;o relatório
request;o pedido;o pedido
to send;enviar;enviar
sign (symbol);o sinal;o sinal
spelling;a ortografia;a ortografia
stamp (postage);o selo;o selo
statement;a declaração;a declaração
text;o texto;o texto
title;o título;o título
topic;o tema;o tema
word;a palavra;a palavra
writing;a escrita;a escrita
teacher;o professor;o professor
student;o estudante;o estudante
to learn;aprender;aprender
to study;estudar;estudar
class;a classe;a classe
lesson;a lição;a lição
test;o teste;o teste
book;o livro;o livro
music;a música;a música
song;a canção;a canção
dance;a dança;a dança
picture;a imagem;a imagem
story;a história;a história
art;a arte;a arte
movie;o filme;o filme
to paint;pintar;pintar
to draw;desenhar;desenhar
singer;o cantor;o cantor
actor;o ator;o ator
news;as notícias;as notícias
festival;o festival;o festival
flag;a bandeira;a bandeira
king;o rei;o rei
nation;a nação;a nação
queen;a rainha;a rainha
war;a guerra;a guerra
money;o dinheiro;o dinheiro
to buy;comprar;comprar
to sell;vender;vender
to pay;pagar;pagar
price;o preço;o preço
bank (financial);o banco;o banco
business;o negócio;o negócio
market;o mercado;o mercado
product;o produto;o produto
beach;a praia;a praia
forest;a floresta;a floresta
mountain;a montanha;a montanha
school;a escola;a escola
library;a biblioteca;a biblioteca
park;o parque;o parque
hotel;o hotel;o hotel
restaurant;o restaurante;o restaurante
airport;o aeroporto;o aeroporto
hospital;o hospital;o hospital
church;a igreja;a igreja
sport;o desporto;o desporto
ball;a bola;a bola
football;o futebol;o futebol
game;o jogo;o jogo
player;o jogador;o jogador
swimming;a natação;a natação
tennis;o ténis;o ténis
phone;o telefone;o telefone
radio;a rádio;a rádio
television;a televisão;a televisão
computer;o computador;o computador
internet;a internet;a internet
email;o email;o email
camera;a câmara;a câmara
screen;o ecrã;o ecrã
street;a rua;a rua
city;a cidade;a cidade
building;o edifício;o edifício
office;o escritório;o escritório
store;a loja;a loja
car;o carro;o carro
bus;o autocarro;o autocarro
train;o comboio;o comboio
bike;a bicicleta;a bicicleta
boat;o barco;o barco
plane;o avião;o avião
ticket;o bilhete;o bilhete
law;a lei;a lei
police;a polícia;a polícia
prison;a prisão;a prisão
crime;o crime;o crime
punishment;a punição;a punição
court (legal);o tribunal;o tribunal
judge;o juiz;o juiz
god;o deus;o deus
hell;o inferno;o inferno
to pray;rezar;rezar
priest;o padre;o padre
religion;a religião;a religião
government;o governo;o governo
president;o presidente;o presidente
energy;a energia;a energia
heat;o calor;o calor
light (illumination);a luz;a luz
sound;o som;o som
temperature;a temperatura;a temperatura
a;um/uma;um/uma
the;o;o
of the;do;do
is;é;é
a/an;uma;uma
in the;no;no
oneself;se;se
by;por;por
was;foi;foi
to the;ao;ao
to be;ser;ser
his/her;sua;sua
has;tem;tem
are;são;são
us/in the;nós;nós
by the;pelo;pelo
goes;vai;vai
only;só;só
well;bem;bem
can;pode;pode
my;minha;minha
without;sem;sem
life;a vida;a vida
they;eles;eles
house;a casa;a casa
to know;saber;saber
neither;nem;nem
work;o trabalho;o trabalho
state;o estado;o estado
form;a forma;a forma
for;para;para
less;menos;menos
someone;alguém;alguém
since;desde;desde
to speak;falar;falar
against;contra;contra
to be (location/state);estar;estar
little;pouco;pouco
beyond;além;além
night;a noite;a noite
case;o caso;o caso
to must;dever;dever
to be able to;poder;poder
time (instance);a vez;a vez
middle;o meio;o meio
type;o tipo;o tipo
while;enquanto;enquanto
truth;a verdade;a verdade
you (plural);vocês;vocês
photo;a foto;a foto
national;nacional;nacional
country;o país;o país
how much;quanto;quanto
return;a volta;a volta
account;a conta;a conta
family;a família;a família
final;final;final
to seem;parecer;parecer
agreement;o acordo;o acordo
in a (contraction);num;num
father;o pai;o pai
so much;tanto;tanto
video;o vídeo;o vídeo
of that;disso;disso
of him;dele;dele
right;o direito;o direito
late;tarde;tarde
local;local;local
friend;o amigo;o amigo
Brazilian;brasileiro;brasileiro
project;o projeto;o projeto
region;a região;a região
to go out;sair;sair
south;o sul;o sul
public;público;público
website;o site;o site
with me;comigo;comigo
film;o filme;o filme
to exist;haver;haver
badly;mal;mal
general;geral;geral
to him/her;lhe;lhe
program;o programa;o programa
social;social;social
several;vários;vários
team;a equipa;a equipa
made;feito;feito
in this;neste;neste
security;a segurança;a segurança
lack;a falta;a falta
favor;o favor;o favor
series;a série;a série
cause;a causa;a causa
use;o uso;o uso
that (one);aquele;aquele
of this;deste;deste
fair;a feira;a feira
population;a população;a população
process;o processo;o processo
help;a ajuda;a ajuda
approximately;cerca;cerca
development;o desenvolvimento;o desenvolvimento
to pass;passar;passar
such;tal;tal
clear;claro;claro
theirs (masculine);deles;deles
of that (masculine);desse;desse
north;o norte;o norte
politics;a política;a política
which (plural);quais;quais
network;a rede;a rede
university;a universidade;a universidade
despite;apesar;apesar
to begin;começar;começar
taste;o gosto;o gosto
manner;a maneira;a maneira
last;último;último
company (business);a empresa;a empresa
strength;a força;a força
base;a base;a base
datum;o dado;o dado
too much;demais;demais
special;especial;especial
international;internacional;internacional
none;nenhum;nenhum
people (nation);o povo;o povo
shit;a merda;a merda
united;unido;unido
behind;atrás;atrás
to let;deixar;deixar
personal;pessoal;pessoal
own;próprio;próprio
meanwhile;entanto;entanto
majority;a maioria;a maioria
to finish;acabar;acabar
federal;federal;federal
production;a produção;a produção
society;a sociedade;a sociedade
to return;voltar;voltar
education;a educação;a educação
legal;legal;legal
access;o acesso;o acesso
field;o campo;o campo
culture;a cultura;a cultura
to be (location/temporary state);estar;estar
list;a lista;a lista
gentleman;o senhor;o senhor
saw;viu;viu
certainty;a certeza;a certeza
with oneself;consigo;consigo
event;o evento;o evento
official;oficial;oficial
near;perto;perto
unique;único;único
support;o apoio;o apoio
to enter;entrar;entrar
service;o serviço;o serviço
language;a língua;a língua
parents;os pais;os pais
Portuguese;português;português
situation;a situação;a situação
serious;sério;sério
path;o caminho;o caminho
party;a festa;a festa
level;o nível;o nível
total;total;total
view;a vista;a vista
due;devido;devido
English;inglês;inglês
objective;o objetivo;o objetivo
party (political);o partido;o partido
success;o sucesso;o sucesso
to be worth;valer;valer
capital (money);o capital;o capital
justice;a justiça;a justiça
member;o membro;o membro
worldwide;mundial;mundial
present (gift);o presente;o presente
to follow;seguir;seguir
action;a ação;a ação
image;a imagem;a imagem
light;a luz;a luz
military;militar;militar
movement;o movimento;o movimento
order;a ordem;a ordem
next;próximo;próximo
construction;a construção;a construção
to believe;acreditar;acreditar
control;o controlo;o controlo
company;a empresa;a empresa
mainly;principalmente;principalmente
result;o resultado;o resultado
room;a sala;a sala
following;seguinte;seguinte
translation;a tradução;a tradução
value;o valor;o valor
ah;ah;ah
called;chamado;chamado
from here;daqui;daqui
edition;a edição;a edição
meeting;o encontro;o encontro
fight;a luta;a luta
organization;a organização;a organização
to mean;significar;significar
to love;amar;amar
subject;o assunto;o assunto
central;central;central
common;comum;comum
to manage;conseguir;conseguir
to be (there);haver;haver
bigger;maior;maior
technology;a tecnologia;a tecnologia
era;a época;a época
article;o artigo;o artigo
community;a comunidade;a comunidade
to create;criar;criar
far;longe;longe
proof;a prova;a prova
will;a vontade;a vontade
above;acima;acima
current;atual;atual
civil;civil;civil
to place;colocar;colocar
wrong;errado;errado
including;incluindo;incluindo
to lose;perder;perder
page;a página;a página
below;abaixo;abaixo
participation;a participação;a participação
position;a posição;a posição
to possess;possuir;possuir
super;super;super
to continue;continuar;continuar
defense;a defesa;a defesa
online;online;online
original;original;original
simple;simples;simples
version;a versão;a versão
victory;a vitória;a vitória
channel;o canal;o canal
communication;a comunicação;a comunicação
ministry;o ministério;o ministério
to die;morrer;morrer
to catch;pegar;pegar
worse;pior;pior
campaign;a campanha;a campanha
boss;o chefe;o chefe
known;conhecido;conhecido
chamber;a câmara;a câmara
minister;o ministro;o ministro
to become;tornar;tornar
to treat;tratar;tratar
search;a busca;a busca
to achieve;conseguir;conseguir
creation;a criação;a criação
research;a pesquisa;a pesquisa
resource;o recurso;o recurso
republic;a república;a república
show;o espetáculo;o espetáculo
environment;o ambiente;o ambiente
call;a chamada;a chamada
diverse;diverso;diverso
Europe;a Europa;a Europa
finally;finalmente;finalmente
to win;ganhar;ganhar
step;o passo;o passo
political;político;político
simply;simplesmente;simplesmente
association;a associação;a associação
blog;o blogue;o blogue
date;a data;a data
army;o exército;o exército
human;humano;humano
reality;a realidade;a realidade
court;o tribunal;o tribunal
union;a união;a união
journey;a viagem;a viagem
bank;o banco;o banco
condition;a condição;a condição
content;o conteúdo;o conteúdo
of those;desses;desses
wait;a espera;a espera
newspaper;o jornal;o jornal
popular;popular;popular
responsible;responsável;responsável
magazine;a revista;a revista
lady;a senhora;a senhora
theme;o tema;o tema
American;americano;americano
attack;o ataque;o ataque
currently;atualmente;atualmente
author;o autor;o autor
club;o clube;o clube
course;o curso;o curso
force;a força;a força
league;a liga;a liga
presence;a presença;a presença
to make;tornar;tornar
back;trás;trás
phase;a fase;a fase
model;o modelo;o modelo
Christmas;o Natal;o Natal
opportunity;a oportunidade;a oportunidade
term;o termo;o termo
neighborhood;o bairro;o bairro
coast;a costa;a costa
code;o código;o código
director;o diretor;o diretor
study;o estudo;o estudo
source;a fonte;a fonte
thanks to;graças;graças
to matter;importar;importar
institute;o instituto;o instituto
to receive;receber;receber
height;a altura;a altura
weapon;a arma;a arma
band;a banda;a banda
economy;a economia;a economia
freedom;a liberdade;a liberdade
selection;a seleção;a seleção
superior;superior;superior
activity;a atividade;a atividade
increase;o aumento;o aumento
cultural;cultural;cultural
excuse;a desculpa;a desculpa
teaching;o ensino;o ensino
faculty;a faculdade;a faculdade
professional;profissional;profissional
prize;o prémio;o prémio
luck;a sorte;a sorte
commission;a comissão;a comissão
digital;digital;digital
entrance;a entrada;a entrada
style;o estilo;o estilo
formation;a formação;a formação
globe;o globo;o globo
leader;o líder;o líder
mass;a massa;a massa
mission;a missão;a missão
mount;o monte;o monte
municipal;municipal;municipal
rest;o resto;o resto
visit;a visita;a visita
vote;o voto;o voto
zone;a zona;a zona
animal;o animal;o animal
certain;certo;certo
interior;o interior;o interior
license;a licença;a licença
municipality;o município;o município
average;a média;a média
medium;médio;médio
businesses;os negócios;os negócios
quality;a qualidade;a qualidade
mobile phone;o telemóvel;o telemóvel
cut;o corte;o corte
island;a ilha;a ilha
brand;a marca;a marca
measure;a medida;a medida
natural;natural;natural
profile;o perfil;o perfil
imprisoned;preso;preso
user;o utilizador;o utilizador
to present;apresentar;apresentar
contrary;contrário;contrário
left;a esquerda;a esquerda
incredible;incrível;incrível
smaller;menor;menor
nature;a natureza;a natureza
vision;a visão;a visão
capacity;a capacidade;a capacidade
capable;capaz;capaz
letter;a carta;a carta
set;o conjunto;o conjunto
hunger;a fome;a fome
east;o leste;o leste
to kill;matar;matar
proposal;a proposta;a proposta
transport;o transporte;o transporte
bill;a conta;a conta
color;a cor;a cor
guilt;a culpa;a culpa
given;dado;dado
department;o departamento;o departamento
election;a eleição;a eleição
structure;a estrutura;a estrutura
importance;a importância;a importância
interesting;interessante;interessante
operation;a operação;a operação
origin;a origem;a origem
risk;o risco;o risco
used;usado;usado
beauty;a beleza;a beleza
cable;o cabo;o cabo
them;lhes;lhes
necessity;a necessidade;a necessidade
century;o século;o século
friend (female);a amiga;a amiga
previous;anterior;anterior
cinema;o cinema;o cinema
created;criado;criado
station;a estação;a estação
faith;a fé;a fé
squid;a lula;a lula
material;o material;o material
necessary;necessário;necessário
perfect;perfeito;perfeito
practice;a prática;a prática
accomplished;realizado;realizado
thirst;a sede;a sede
followed;seguido;seguido
administration;a administração;a administração
career;a carreira;a carreira
scene;a cena;a cena
floor;o chão;o chão
completely;completamente;completamente
written;escrito;escrito
function;a função;a função
to participate;participar;participar
pressure;a pressão;a pressão
published;publicado;publicado
totally;totalmente;totalmente
contact;o contato;o contato
growth;o crescimento;o crescimento
crisis;a crise;a crise
to avoid;evitar;evitar
guard;a guarda;a guarda
historical;histórico;histórico
industry;a indústria;a indústria
protection;a proteção;a proteção
signal;o sinal;o sinal
alone;sozinho;sozinho
unit;a unidade;a unidade
village;a vila;a vila
to converse;conversar;conversar
deputy;o deputado;o deputado
spirit;o espírito;o espírito
road;a estrada;a estrada
generation;a geração;a geração
governor;o governador;o governador
press (media);a imprensa;a imprensa
exit;a saída;a saída
soul;a alma;a alma
artist;o artista;o artista
error;o erro;o erro
state (regional);estadual;estadual
equal;igual;igual
launch;o lançamento;o lançamento
military (person);o militar;o militar
policy;a política;a política
square;a praça;a praça
property;a propriedade;a propriedade
pre;pré;pré
rock (music);o rock;o rock
territory;o território;o território
to be enough;bastar;bastar
couple;o casal;o casal
congress;o congresso;o congresso
strange;estranho;estranho
impossible;impossível;impossível
unfortunately;infelizmente;infelizmente
whole;inteiro;inteiro
garbage;o lixo;o lixo
matter;a matéria;a matéria
rule;a regra;a regra
responsibility;a responsabilidade;a responsabilidade
telephone;o telefone;o telefone
tone;o tom;o tom
exchange;a troca;a troca
opening;a abertura;a abertura
analysis;a análise;a análise
brief;breve;breve
trash;o lixo;o lixo
science;a ciência;a ciência
comment;o comentário;o comentário
to consider;considerar;considerar
destination;o destino;o destino
available;disponível;disponível
effect;o efeito;o efeito
global;global;global
independent;independente;independente
investigation;a investigação;a investigação
planet;o planeta;o planeta
issue;a questão;a questão
treatment;o tratamento;o tratamento
accident;o acidente;o acidente
agency;a agência;a agência
to appear;aparecer;aparecer
candidate;o candidato;o candidato
to choose;escolher;escolher
French;francês;francês
to deal;lidar;lidar
congratulations;parabéns;parabéns
to allow;permitir;permitir
police (officer);policial;policial
quickly;rapidamente;rapidamente
kingdom;o reino;o reino
system;o sistema;o sistema
act;o ato;o ato
category;a categoria;a categoria
episode;o episódio;o episódio
species;a espécie;a espécie
siblings;os irmãos;os irmãos
partnership;a parceria;a parceria
mayor;o prefeito;o prefeito
post;pós;pós
realized;realizado;realizado
surroundings;o redor;o redor
workers;os trabalhadores;os trabalhadores
victim;a vítima;a vítima
carnival;o carnaval;o carnaval
commercial;comercial;comercial
constitution;a constituição;a constituição
contract;o contrato;o contrato
document;o documento;o documento
doubt;a dúvida;a dúvida
players;os jogadores;os jogadores
girls;as meninas;as meninas
in that;naquele;naquele
violence;a violência;a violência
great;ótimo;ótimo
to adore;adorar;adorar
classes;as aulas;as aulas
command;o comando;o comando
highlight;o destaque;o destaque
connection;a ligação;a ligação
to search;procurar;procurar
to protect;proteger;proteger
reference;a referência;a referência
ground;o solo;o solo
traditional;tradicional;tradicional
to watch;assistir;assistir
to discover;descobrir;descobrir
schedule;o horário;o horário
master;o mestre;o mestre
pattern;o padrão;o padrão
pleasure;o prazer;o prazer
city hall;a prefeitura;a prefeitura
reform;a reforma;a reforma
to represent;representar;representar
to solve;resolver;resolver
shot;o tiro;o tiro
speed;a velocidade;a velocidade
directly;diretamente;diretamente
diary;o diário;o diário
existence;a existência;a existência
focus;o foco;o foco
generally;geralmente;geralmente
link;a ligação;a ligação
to improve;melhorar;melhorar
to be born;nascer;nascer
option;a opção;a opção
passage;a passagem;a passagem
to perceive;perceber;perceber
character;a personagem;a personagem
prince;o príncipe;o príncipe
regime;o regime;o regime
regional;regional;regional
to answer;responder;responder
after all;afinal;afinal
cheerful;alegre;alegre
to fall;cair;cair
championship;o campeonato;o campeonato
climate;o clima;o clima
complete;completo;completo
concept;o conceito;o conceito
criticism;a crítica;a crítica
that (masculine singular);aquele;aquele
detail;o detalhe;o detalhe
Spanish;espanhol;espanhol
foundation;a fundação;a fundação
gay;gay;gay
journalist;o/a jornalista;o/a jornalista
to launch;lançar;lançar
media;a mídia;a mídia
loss;a perda;a perda
present;presente;presente
rose;a rosa;a rosa
second (time);o segundo;o segundo
to announce;anunciar;anunciar
to increase;aumentar;aumentar
purchase;a compra;a compra
according to;conforme;conforme
writer;o escritor;o escritor
border;a fronteira;a fronteira
employee;o funcionário;o funcionário
to guarantee;garantir;garantir
literature;a literatura;a literatura
maximum;máximo;máximo
in him;nele;nele
possibility;a possibilidade;a possibilidade
publication;a publicação;a publicação
recently;recentemente;recentemente
secretary;o secretário;o secretário
rate;a taxa;a taxa
theater;o teatro;o teatro
universe;o universo;o universo
album;o álbum;o álbum
calm;a calma;a calma
certainly;certamente;certamente
courage;a coragem;a coragem
cross;a cruz;a cruz
cancer;o cancro;o cancro
element;o elemento;o elemento
funny;engraçado;engraçado
expression;a expressão;a expressão
gender;o género;o género
moon;a lua;a lua
platform;a plataforma;a plataforma
fall;a queda;a queda
to realize;realizar;realizar
resistance;a resistência;a resistência
revolution;a revolução;a revolução
sector;o setor;o setor
sexual;sexual;sexual
agent;o agente;o agente
champion;o campeão;o campeão
context;o contexto;o contexto
among;dentre;dentre
challenge;o desafio;o desafio
electoral;eleitoral;eleitoral
identity;a identidade;a identidade
immediately;imediatamente;imediatamente
crazy;louco;louco
west;o oeste;o oeste
software;o software;o software
attempt;a tentativa;a tentativa
theory;a teoria;a teoria
technique;a técnica;a técnica
academy;a academia;a academia
characteristic;a característica;a característica
competition;a competição;a competição
consciousness;a consciência;a consciência
direct;direto;direto
to forget;esquecer;esquecer
exterior;o exterior;o exterior
fan;o fã;o fã
management;a gestão;a gestão
to include;incluir;incluir
influence;a influência;a influência
oh;oh;oh
pride;o orgulho;o orgulho
portal;o portal;o portal
promotion;a promoção;a promoção
shame;a vergonha;a vergonha
to visit;visitar;visitar
to accept;aceitar;aceitar
joy;a alegria;a alegria
presentation;a apresentação;a apresentação
authority;a autoridade;a autoridade
meat;a carne;a carne
click;o clique;o clique
trust;a confiança;a confiança
race;a corrida;a corrida
to care;cuidar;cuidar
distribution;a distribuição;a distribuição
said;dito;dito
to occur;ocorrer;ocorrer
vehicle;o veículo;o veículo
feat;o feito;o feito
goal;o golo;o golo
blow;o golpe;o golpe
gas;o gás;o gás
impact;o impacto;o impacto
judgment;o julgamento;o julgamento
to connect;ligar;ligar
to fight;lutar;lutar
milestone;o marco;o marco
morale;a moral;a moral
teacher (female);a professora;a professora
recognition;o reconhecimento;o reconhecimento
to serve;servir;servir
sale;a venda;a venda
volume;o volume;o volume
captain;o capitão;o capitão
cost;o custo;o custo
district;o distrito;o distrito
decade;a década;a década
economic;económico;económico
stadium;o estádio;o estádio
mathematics;a matemática;a matemática
means;o meio;o meio
stage;o palco;o palco
deadline;o prazo;o prazo
princess;a princesa;a princesa
sensation;a sensação;a sensação
excellent;ótimo;ótimo
murder;o assassinato;o assassinato
assembly;a assembleia;a assembleia
to hit;bater;bater
to depend;depender;depender
domain;o domínio;o domínio
star;a estrela;a estrela
humor;o humor;o humor
initiative;a iniciativa;a iniciativa
limit;o limite;o limite
wonderful;maravilhoso;maravilhoso
speech;o discurso;o discurso
tribute;a homenagem;a homenagem
to maintain;manter;manter
map;o mapa;o mapa
to deserve;merecer;merecer
bridge;a ponte;a ponte
to promote;promover;promover
reaction;a reação;a reação
to save;salvar;salvar
avenue;a avenida;a avenida
contest;o concurso;o concurso
to contain;conter;conter
drawing;o desenho;o desenho
disclosure;a divulgação;a divulgação
danger;o perigo;o perigo
track;a pista;a pista
potential;o potencial;o potencial
principle;o princípio;o princípio
anger;a raiva;a raiva
apartment;o apartamento;o apartamento
scenario;o cenário;o cenário
client;o cliente;o cliente
complex;complexo;complexo
conference;a conferência;a conferência
to check;conferir;conferir
to discuss;discutir;discutir
effort;o esforço;o esforço
European;europeu;europeu
figure;a figura;a figura
inhabitant;o habitante;o habitante
childhood;a infância;a infância
safe;seguro;seguro
to remove;tirar;tirar
anti;anti;anti
file;o arquivo;o arquivo
attitude;a atitude;a atitude
based;baseado;baseado
battery;a bateria;a bateria
to marry;casar;casar
coverage;a cobertura;a cobertura
to grow;crescer;crescer
declaration;a declaração;a declaração
of these;destas;destas
discussion;a discussão;a discussão
owner;o dono;o dono
emergency;a emergência;a emergência
extremely;extremamente;extremamente
